card_id,card_name,rarity,sets_count,amazon_price,cardmarket_price,coolstuffinc_price,ebay_price,tcgplayer_price,avg_set_price_usd,avg_set_price_zar
14558128,Ash Blossom & Joyous Spring,Common,1,481.95,6.89,82.96,198.67,6.48,27.26,453.19
14558128,Ash Blossom & Joyous Spring,Premium Gold Rare,1,481.95,6.89,82.96,198.67,6.48,29.25,486.27
14558128,Ash Blossom & Joyous Spring,Secret Rare,1,481.95,6.89,82.96,198.67,6.48,98.04,1629.89
14558128,Ash Blossom & Joyous Spring,Super Rare,1,481.95,6.89,82.96,198.67,6.48,29.53,490.93
14558128,Ash Blossom & Joyous Spring,Ultra Rare,3,481.95,6.89,82.96,198.67,6.48,30.43,505.83
89631146,Blue-Eyes White Dragon,Common,5,64.84,2.42,16.46,98.92,2.33,4.21,70.06
89631146,Blue-Eyes White Dragon,Duel Terminal Super Parallel Rare,2,64.84,2.42,16.46,98.92,2.33,2303.6,38296.74
89631146,Blue-Eyes White Dragon,Extra Secret Rare,1,64.84,2.42,16.46,98.92,2.33,0.0,0.0
89631146,Blue-Eyes White Dragon,Ghost/Gold Rare,1,64.84,2.42,16.46,98.92,2.33,244.44,4063.74
89631146,Blue-Eyes White Dragon,Gold Rare,2,64.84,2.42,16.46,98.92,2.33,3.97,66.0
89631146,Blue-Eyes White Dragon,Gold Secret Rare,1,64.84,2.42,16.46,98.92,2.33,44.61,741.63
89631146,Blue-Eyes White Dragon,Premium Gold Rare,1,64.84,2.42,16.46,98.92,2.33,21.96,365.08
89631146,Blue-Eyes White Dragon,Prismatic Secret Rare,3,64.84,2.42,16.46,98.92,2.33,580.25,9646.54
89631146,Blue-Eyes White Dragon,Rare,1,64.84,2.42,16.46,98.92,2.33,103.53,1721.16
89631146,Blue-Eyes White Dragon,Secret Rare,6,64.84,2.42,16.46,98.92,2.33,46.06,765.76
89631146,Blue-Eyes White Dragon,Super Rare,3,64.84,2.42,16.46,98.92,2.33,64.86,1078.33
89631146,Blue-Eyes White Dragon,Ultimate Rare,1,64.84,2.42,16.46,98.92,2.33,17.64,293.26
89631146,Blue-Eyes White Dragon,Ultra Rare,24,64.84,2.42,16.46,98.92,2.33,274.65,4565.95
46986415,Dark Magician,Common,6,240.23,0.37,6.48,16.46,5.98,1.96,32.53
46986415,Dark Magician,Duel Terminal Rare Parallel Rare,2,240.23,0.37,6.48,16.46,5.98,7.39,122.86
46986415,Dark Magician,Extra Secret Rare,1,240.23,0.37,6.48,16.46,5.98,0.0,0.0
46986415,Dark Magician,Ghost Rare,1,240.23,0.37,6.48,16.46,5.98,742.0,12335.53
46986415,Dark Magician,Gold Rare,1,240.23,0.37,6.48,16.46,5.98,5.83,96.92
46986415,Dark Magician,Gold Secret Rare,1,240.23,0.37,6.48,16.46,5.98,8.39,139.48
46986415,Dark Magician,Premium Gold Rare,1,240.23,0.37,6.48,16.46,5.98,11.91,198.0
46986415,Dark Magician,Prismatic Secret Rare,3,240.23,0.37,6.48,16.46,5.98,318.08,5287.98
46986415,Dark Magician,Rare,3,240.23,0.37,6.48,16.46,5.98,28.16,468.15
46986415,Dark Magician,Secret Rare,7,240.23,0.37,6.48,16.46,5.98,20.7,344.16
46986415,Dark Magician,Super Rare,2,240.23,0.37,6.48,16.46,5.98,5.04,83.71
46986415,Dark Magician,Ultimate Rare,1,240.23,0.37,6.48,16.46,5.98,12.75,211.96
46986415,Dark Magician,Ultra Rare,17,240.23,0.37,6.48,16.46,5.98,63.2,1050.63
84211599,Pot of Prosperity,Common,2,28.93,5.22,664.82,664.82,3.32,0.0,0.0
84211599,Pot of Prosperity,Prismatic Secret Rare,1,28.93,5.22,664.82,664.82,3.32,0.0,0.0
84211599,Pot of Prosperity,Starlight Rare,1,28.93,5.22,664.82,664.82,3.32,0.0,0.0
84211599,Pot of Prosperity,Ultra Parallel Rare,1,28.93,5.22,664.82,664.82,3.32,0.0,0.0
84211599,Pot of Prosperity,Ultra Rare,1,28.93,5.22,664.82,664.82,3.32,0.0,0.0
74677426,Red-Eyes Black Dragon,Common,6,44.72,2.42,16.46,49.71,3.99,3.87,64.39
74677426,Red-Eyes Black Dragon,Duel Terminal Rare Parallel Rare,2,44.72,2.42,16.46,49.71,3.99,483.75,8042.2
74677426,Red-Eyes Black Dragon,Premium Gold Rare,1,44.72,2.42,16.46,49.71,3.99,9.72,161.59
74677426,Red-Eyes Black Dragon,Prismatic Secret Rare,1,44.72,2.42,16.46,49.71,3.99,230.0,3823.68
74677426,Red-Eyes Black Dragon,Rare,1,44.72,2.42,16.46,49.71,3.99,12.71,211.3
74677426,Red-Eyes Black Dragon,Secret Rare,2,44.72,2.42,16.46,49.71,3.99,48.22,801.56
74677426,Red-Eyes Black Dragon,Super Rare,2,44.72,2.42,16.46,49.71,3.99,5.42,90.11
74677426,Red-Eyes Black Dragon,Ultra Rare,12,44.72,2.42,16.46,49.71,3.99,121.66,2022.64
